{"v":"5.9.0","fr":30,"ip":0,"op":300,"w":858,"h":500,"nm":"Motion Logo - Baiko (site)","ddd":0,"assets":[],"layers":[{"ddd":0,"ind":1,"ty":4,"nm":"s2","sr":1,"ks":{"o":{"a":0,"k":100,"ix":11},"r":{"a":0,"k":0,"ix":10},"p":{"a":0,"k":[425,250,0],"ix":2,"l":2},"a":{"a":0,"k":[0,0,0],"ix":1,"l":2},"s":{"a":0,"k":[100,100,100],"ix":6,"l":2}},"ao":0,"shapes":[{"ty":"gr","it":[{"ind":0,"ty":"sh","ix":1,"ks":{"a":0,"k":{"i":[[0,0],[-1.25,-5.875],[1.75,-3.625],[3.375,-2]],"o":[[0,0],[1.25,5.875],[-1.75,3.625],[-1.599,0.947]],"v":[[265,26.875],[249.875,38.5],[271.5,48.75],[248.875,65.5]],"c":false},"ix":2},"nm":"Caminho 1","mn":"ADBE Vector Shape - Group","hd":false},{"ty":"st","c":{"a":0,"k":[0.968627510819,0.262745098039,0.019607843137,1],"ix":3},"o":{"a":0,"k":100,"ix":4},"w":{"a":0,"k":6,"ix":5},"lc":2,"lj":1,"ml":4,"bm":0,"nm":"Traçado 1","mn":"ADBE Vector Graphic - Stroke","hd":false},{"ty":"tr","p":{"a":0,"k":[0,0],"ix":2},"a":{"a":0,"k":[0,0],"ix":1},"s":{"a":0,"k":[100,100],"ix":3},"r":{"a":0,"k":0,"ix":6},"o":{"a":0,"k":100,"ix":7},"sk":{"a":0,"k":0,"ix":4},"sa":{"a":0,"k":0,"ix":5},"nm":"Transformar"}],"nm":"Forma 1","np":3,"cix":2,"bm":0,"ix":1,"mn":"ADBE Vector Group","hd":false},{"ty":"tm","s":{"a":1,"k":[{"i":{"x":[0],"y":[1]},"o":{"x":[0.167],"y":[0.167]},"t":136,"s":[0]},{"t":148,"s":[100]}],"ix":1},"e":{"a":0,"k":0,"ix":2},"o":{"a":0,"k":0,"ix":3},"m":1,"ix":2,"nm":"Aparar caminhos 1","mn":"ADBE Vector Filter - Trim","hd":false}],"ip":136,"op":436,"st":136,"bm":0},{"ddd":0,"ind":2,"ty":4,"nm":"O","sr":1,"ks":{"o":{"a":0,"k":100,"ix":11},"r":{"a":0,"k":0,"ix":10},"p":{"a":0,"k":[425,250,0],"ix":2,"l":2},"a":{"a":0,"k":[0,0,0],"ix":1,"l":2},"s":{"a":0,"k":[100,100,100],"ix":6,"l":2}},"ao":0,"shapes":[{"ty":"gr","it":[{"ind":0,"ty":"sh","ix":1,"ks":{"a":0,"k":{"i":[[13.75,2.875],[-2,-12.125],[-2.624,3.022]],"o":[[-5.04,-1.054],[2.288,13.869],[4.125,-4.75]],"v":[[230.875,39.75],[218.375,58.125],[238.125,62.75]],"c":true},"ix":2},"nm":"Caminho 1","mn":"ADBE Vector Shape - Group","hd":false},{"ty":"st","c":{"a":0,"k":[0.968627510819,0.262745098039,0.019607843137,1],"ix":3},"o":{"a":0,"k":100,"ix":4},"w":{"a":0,"k":6,"ix":5},"lc":1,"lj":1,"ml":4,"bm":0,"nm":"Traçado 1","mn":"ADBE Vector Graphic - Stroke","hd":false},{"ty":"tr","p":{"a":0,"k":[0,0],"ix":2},"a":{"a":0,"k":[0,0],"ix":1},"s":{"a":0,"k":[100,100],"ix":3},"r":{"a":0,"k":0,"ix":6},"o":{"a":0,"k":100,"ix":7},"sk":{"a":0,"k":0,"ix":4},"sa":{"a":0,"k":0,"ix":5},"nm":"Transformar"}],"nm":"Forma 1","np":3,"cix":2,"bm":0,"ix":1,"mn":"ADBE Vector Group","hd":false},{"ty":"tm","s":{"a":1,"k":[{"i":{"x":[0],"y":[1]},"o":{"x":[0.167],"y":[0.167]},"t":134,"s":[0]},{"t":146,"s":[100]}],"ix":1},"e":{"a":0,"k":0,"ix":2},"o":{"a":0,"k":0,"ix":3},"m":1,"ix":2,"nm":"Aparar caminhos 1","mn":"ADBE Vector Filter - Trim","hd":false}],"ip":134,"op":434,"st":134,"bm":0},{"ddd":0,"ind":3,"ty":4,"nm":"I","sr":1,"ks":{"o":{"a":0,"k":100,"ix":11},"r":{"a":0,"k":0,"ix":10},"p":{"a":0,"k":[425,250,0],"ix":2,"l":2},"a":{"a":0,"k":[0,0,0],"ix":1,"l":2},"s":{"a":0,"k":[100,100,100],"ix":6,"l":2}},"ao":0,"shapes":[{"ty":"gr","it":[{"ind":0,"ty":"sh","ix":1,"ks":{"a":0,"k":{"i":[[0,0],[0.25,-2]],"o":[[0,0],[-0.25,2]],"v":[[209.25,40.75],[204,72.375]],"c":false},"ix":2},"nm":"Caminho 1","mn":"ADBE Vector Shape - Group","hd":false},{"ty":"st","c":{"a":0,"k":[0.968627510819,0.262745098039,0.019607843137,1],"ix":3},"o":{"a":0,"k":100,"ix":4},"w":{"a":0,"k":6,"ix":5},"lc":2,"lj":1,"ml":4,"bm":0,"nm":"Traçado 1","mn":"ADBE Vector Graphic - Stroke","hd":false},{"ty":"tr","p":{"a":0,"k":[0,0],"ix":2},"a":{"a":0,"k":[0,0],"ix":1},"s":{"a":0,"k":[100,100],"ix":3},"r":{"a":0,"k":0,"ix":6},"o":{"a":0,"k":100,"ix":7},"sk":{"a":0,"k":0,"ix":4},"sa":{"a":0,"k":0,"ix":5},"nm":"Transformar"}],"nm":"Forma 1","np":3,"cix":2,"bm":0,"ix":1,"mn":"ADBE Vector Group","hd":false},{"ty":"tm","s":{"a":1,"k":[{"i":{"x":[0],"y":[1]},"o":{"x":[0.167],"y":[0.167]},"t":130,"s":[0]},{"t":142,"s":[100]}],"ix":1},"e":{"a":0,"k":0,"ix":2},"o":{"a":0,"k":0,"ix":3},"m":1,"ix":2,"nm":"Aparar caminhos 1","mn":"ADBE Vector Filter - Trim","hd":false}],"ip":130,"op":430,"st":130,"bm":0},{"ddd":0,"ind":4,"ty":4,"nm":"D","sr":1,"ks":{"o":{"a":0,"k":100,"ix":11},"r":{"a":0,"k":0,"ix":10},"p":{"a":0,"k":[425,250,0],"ix":2,"l":2},"a":{"a":0,"k":[0,0,0],"ix":1,"l":2},"s":{"a":0,"k":[100,100,100],"ix":6,"l":2}},"ao":0,"shapes":[{"ty":"gr","it":[{"ind":0,"ty":"sh","ix":1,"ks":{"a":0,"k":{"i":[[9.125,-4.125],[1.125,-0.625],[0,0],[-9.75,5.5],[1.25,6.375]],"o":[[-9.125,4.125],[-1.125,0.625],[0,0],[9.75,-5.5],[-1.25,-6.375]],"v":[[177.375,51.125],[172.625,53.25],[167.375,79.75],[176.125,81.25],[196.25,56.625]],"c":true},"ix":2},"nm":"Caminho 1","mn":"ADBE Vector Shape - Group","hd":false},{"ty":"st","c":{"a":0,"k":[0.968627510819,0.262745098039,0.019607843137,1],"ix":3},"o":{"a":0,"k":100,"ix":4},"w":{"a":0,"k":6,"ix":5},"lc":1,"lj":1,"ml":4,"bm":0,"nm":"Traçado 1","mn":"ADBE Vector Graphic - Stroke","hd":false},{"ty":"tr","p":{"a":0,"k":[0,0],"ix":2},"a":{"a":0,"k":[0,0],"ix":1},"s":{"a":0,"k":[100,100],"ix":3},"r":{"a":0,"k":0,"ix":6},"o":{"a":0,"k":100,"ix":7},"sk":{"a":0,"k":0,"ix":4},"sa":{"a":0,"k":0,"ix":5},"nm":"Transformar"}],"nm":"Forma 1","np":3,"cix":2,"bm":0,"ix":1,"mn":"ADBE Vector Group","hd":false},{"ty":"tm","s":{"a":1,"k":[{"i":{"x":[0],"y":[1]},"o":{"x":[0.167],"y":[0.167]},"t":126,"s":[0]},{"t":138,"s":[100]}],"ix":1},"e":{"a":0,"k":0,"ix":2},"o":{"a":0,"k":0,"ix":3},"m":1,"ix":2,"nm":"Aparar caminhos 1","mn":"ADBE Vector Filter - Trim","hd":false}],"ip":126,"op":426,"st":126,"bm":0},{"ddd":0,"ind":5,"ty":4,"nm":"U","sr":1,"ks":{"o":{"a":0,"k":100,"ix":11},"r":{"a":0,"k":0,"ix":10},"p":{"a":0,"k":[425,250,0],"ix":2,"l":2},"a":{"a":0,"k":[0,0,0],"ix":1,"l":2},"s":{"a":0,"k":[100,100,100],"ix":6,"l":2}},"ao":0,"shapes":[{"ty":"gr","it":[{"ind":0,"ty":"sh","ix":1,"ks":{"a":0,"k":{"i":[[0,0],[-8.177,-1.487],[-0.125,5.75]],"o":[[0,0],[15.125,2.75],[0.125,-5.75]],"v":[[137.375,66],[138.25,87.75],[159.625,54.125]],"c":false},"ix":2},"nm":"Caminho 1","mn":"ADBE Vector Shape - Group","hd":false},{"ty":"st","c":{"a":0,"k":[0.968627510819,0.262745098039,0.019607843137,1],"ix":3},"o":{"a":0,"k":100,"ix":4},"w":{"a":0,"k":6,"ix":5},"lc":2,"lj":1,"ml":4,"bm":0,"nm":"Traçado 1","mn":"ADBE Vector Graphic - Stroke","hd":false},{"ty":"tr","p":{"a":0,"k":[0,0],"ix":2},"a":{"a":0,"k":[0,0],"ix":1},"s":{"a":0,"k":[100,100],"ix":3},"r":{"a":0,"k":0,"ix":6},"o":{"a":0,"k":100,"ix":7},"sk":{"a":0,"k":0,"ix":4},"sa":{"a":0,"k":0,"ix":5},"nm":"Transformar"}],"nm":"Forma 1","np":3,"cix":2,"bm":0,"ix":1,"mn":"ADBE Vector Group","hd":false},{"ty":"tm","s":{"a":1,"k":[{"i":{"x":[0],"y":[1]},"o":{"x":[0.167],"y":[0.167]},"t":122,"s":[0]},{"t":134,"s":[100]}],"ix":1},"e":{"a":0,"k":0,"ix":2},"o":{"a":0,"k":0,"ix":3},"m":1,"ix":2,"nm":"Aparar caminhos 1","mn":"ADBE Vector Filter - Trim","hd":false}],"ip":122,"op":422,"st":122,"bm":0},{"ddd":0,"ind":6,"ty":4,"nm":"T2","sr":1,"ks":{"o":{"a":0,"k":100,"ix":11},"r":{"a":0,"k":0,"ix":10},"p":{"a":0,"k":[425,250,0],"ix":2,"l":2},"a":{"a":0,"k":[0,0,0],"ix":1,"l":2},"s":{"a":0,"k":[100,100,100],"ix":6,"l":2}},"ao":0,"shapes":[{"ty":"gr","it":[{"ind":0,"ty":"sh","ix":1,"ks":{"a":0,"k":{"i":[[0,0],[0,0]],"o":[[0,0],[0,0]],"v":[[111.25,94.625],[124.5,58.875]],"c":false},"ix":2},"nm":"Caminho 1","mn":"ADBE Vector Shape - Group","hd":false},{"ty":"st","c":{"a":0,"k":[0.968627510819,0.262745098039,0.019607843137,1],"ix":3},"o":{"a":0,"k":100,"ix":4},"w":{"a":0,"k":6,"ix":5},"lc":2,"lj":1,"ml":4,"bm":0,"nm":"Traçado 1","mn":"ADBE Vector Graphic - Stroke","hd":false},{"ty":"tr","p":{"a":0,"k":[0,0],"ix":2},"a":{"a":0,"k":[0,0],"ix":1},"s":{"a":0,"k":[100,100],"ix":3},"r":{"a":0,"k":0,"ix":6},"o":{"a":0,"k":100,"ix":7},"sk":{"a":0,"k":0,"ix":4},"sa":{"a":0,"k":0,"ix":5},"nm":"Transformar"}],"nm":"Forma 3","np":3,"cix":2,"bm":0,"ix":1,"mn":"ADBE Vector Group","hd":false},{"ty":"tm","s":{"a":1,"k":[{"i":{"x":[0.127],"y":[1]},"o":{"x":[0.167],"y":[0.167]},"t":117,"s":[100]},{"t":127,"s":[0]}],"ix":1},"e":{"a":0,"k":100,"ix":2},"o":{"a":0,"k":0,"ix":3},"m":1,"ix":2,"nm":"Aparar caminhos 1","mn":"ADBE Vector Filter - Trim","hd":false}],"ip":117,"op":417,"st":117,"bm":0},{"ddd":0,"ind":7,"ty":4,"nm":"T1","sr":1,"ks":{"o":{"a":0,"k":100,"ix":11},"r":{"a":0,"k":0,"ix":10},"p":{"a":0,"k":[425,250,0],"ix":2,"l":2},"a":{"a":0,"k":[0,0,0],"ix":1,"l":2},"s":{"a":0,"k":[100,100,100],"ix":6,"l":2}},"ao":0,"shapes":[{"ty":"gr","it":[{"ind":0,"ty":"sh","ix":1,"ks":{"a":0,"k":{"i":[[0,0],[0,0]],"o":[[0,0],[0,0]],"v":[[106.375,64.375],[146.75,50.375]],"c":false},"ix":2},"nm":"Caminho 1","mn":"ADBE Vector Shape - Group","hd":false},{"ty":"st","c":{"a":0,"k":[0.968627510819,0.262745098039,0.019607843137,1],"ix":3},"o":{"a":0,"k":100,"ix":4},"w":{"a":0,"k":6,"ix":5},"lc":2,"lj":1,"ml":4,"bm":0,"nm":"Traçado 1","mn":"ADBE Vector Graphic - Stroke","hd":false},{"ty":"tr","p":{"a":0,"k":[0,0],"ix":2},"a":{"a":0,"k":[0,0],"ix":1},"s":{"a":0,"k":[100,100],"ix":3},"r":{"a":0,"k":0,"ix":6},"o":{"a":0,"k":100,"ix":7},"sk":{"a":0,"k":0,"ix":4},"sa":{"a":0,"k":0,"ix":5},"nm":"Transformar"}],"nm":"Forma 2","np":3,"cix":2,"bm":0,"ix":1,"mn":"ADBE Vector Group","hd":false},{"ty":"tm","s":{"a":1,"k":[{"i":{"x":[0],"y":[1]},"o":{"x":[0.533],"y":[0]},"t":112,"s":[100]},{"t":121,"s":[0]}],"ix":1},"e":{"a":0,"k":100,"ix":2},"o":{"a":0,"k":0,"ix":3},"m":1,"ix":2,"nm":"Aparar caminhos 1","mn":"ADBE Vector Filter - Trim","hd":false}],"ip":112,"op":412,"st":112,"bm":0},{"ddd":0,"ind":8,"ty":4,"nm":"S","sr":1,"ks":{"o":{"a":0,"k":100,"ix":11},"r":{"a":0,"k":0,"ix":10},"p":{"a":0,"k":[425,250,0],"ix":2,"l":2},"a":{"a":0,"k":[0,0,0],"ix":1,"l":2},"s":{"a":0,"k":[100,100,100],"ix":6,"l":2}},"ao":0,"shapes":[{"ty":"gr","it":[{"ind":0,"ty":"sh","ix":1,"ks":{"a":0,"k":{"i":[[0,0],[5,-1.875],[9,-6.75],[26,-11]],"o":[[0,0],[-5,1.875],[-9,6.75],[-26,11]],"v":[[98.5,60.75],[54.875,75.75],[99.75,81],[51.125,105.625]],"c":false},"ix":2},"nm":"Caminho 1","mn":"ADBE Vector Shape - Group","hd":false},{"ty":"st","c":{"a":0,"k":[0.968627510819,0.262745098039,0.019607843137,1],"ix":3},"o":{"a":0,"k":100,"ix":4},"w":{"a":0,"k":6,"ix":5},"lc":2,"lj":1,"ml":4,"bm":0,"nm":"Traçado 1","mn":"ADBE Vector Graphic - Stroke","hd":false},{"ty":"tr","p":{"a":0,"k":[0,0],"ix":2},"a":{"a":0,"k":[0,0],"ix":1},"s":{"a":0,"k":[100,100],"ix":3},"r":{"a":0,"k":0,"ix":6},"o":{"a":0,"k":100,"ix":7},"sk":{"a":0,"k":0,"ix":4},"sa":{"a":0,"k":0,"ix":5},"nm":"Transformar"}],"nm":"Forma 1","np":3,"cix":2,"bm":0,"ix":1,"mn":"ADBE Vector Group","hd":false},{"ty":"tm","s":{"a":1,"k":[{"i":{"x":[0],"y":[1]},"o":{"x":[0.167],"y":[0.167]},"t":109,"s":[0]},{"t":119,"s":[100]}],"ix":1},"e":{"a":0,"k":0,"ix":2},"o":{"a":0,"k":0,"ix":3},"m":1,"ix":2,"nm":"Aparar caminhos 1","mn":"ADBE Vector Filter - Trim","hd":false}],"ip":109,"op":409,"st":109,"bm":0},{"ddd":0,"ind":9,"ty":4,"nm":"B contornos","sr":1,"ks":{"o":{"a":1,"k":[{"i":{"x":[0.314],"y":[1]},"o":{"x":[0.5],"y":[0]},"t":0,"s":[0]},{"t":87,"s":[100]}],"ix":11},"r":{"a":0,"k":0,"ix":10},"p":{"a":1,"k":[{"i":{"x":0,"y":1},"o":{"x":0.167,"y":0.167},"t":0,"s":[158.415,250,0],"to":[20.667,0,0],"ti":[-20.667,0,0]},{"i":{"x":0.833,"y":0.833},"o":{"x":0.167,"y":0.167},"t":87,"s":[282.415,250,0],"to":[0,0,0],"ti":[0,0,0]},{"i":{"x":0.833,"y":0.833},"o":{"x":1,"y":0},"t":91,"s":[282.415,250,0],"to":[-4.625,0,0],"ti":[4.625,0,0]},{"t":104,"s":[254.665,250,0]}],"ix":2,"l":2},"a":{"a":0,"k":[46.771,44.486,0],"ix":1,"l":2},"s":{"a":0,"k":[100,100,100],"ix":6,"l":2}},"ao":0,"shapes":[{"ty":"gr","it":[{"ind":0,"ty":"sh","ix":1,"ks":{"a":1,"k":[{"i":{"x":0.833,"y":0.833},"o":{"x":1,"y":0},"t":91,"s":[{"i":[[25.63,-0.149],[0,0],[0,0],[0,0],[-0.941,-10.468]],"o":[[0,0],[0,0],[0,0],[10.005,-0.124],[0.38,4.223]],"v":[[-0.67,36.649],[-38.618,37.024],[-39.118,7.887],[-0.17,7.874],[26.275,20.468]],"c":true}]},{"i":{"x":0,"y":1},"o":{"x":0.167,"y":0.167},"t":104,"s":[{"i":[[6.168,0],[0,0],[0,0],[0,0],[0.059,-3.199]],"o":[[0,0],[0,0],[0,0],[6.963,0],[-0.047,2.552]],"v":[[2.804,22.256],[-16.144,22.062],[-16.144,12.287],[2.804,12.481],[13.276,17.199]],"c":true}]},{"t":114,"s":[{"i":[[6.168,0],[0,0],[0,0],[0,0],[0,-4.421]],"o":[[0,0],[0,0],[0,0],[6.963,0],[0,4.24]],"v":[[6.58,23.149],[-19.118,23.149],[-19.118,11.124],[6.58,11.124],[17.025,17.093]],"c":true}]}],"ix":2},"nm":"Caminho 1","mn":"ADBE Vector Shape - Group","hd":false},{"ind":1,"ty":"sh","ix":2,"ks":{"a":1,"k":[{"i":{"x":0.833,"y":0.833},"o":{"x":1,"y":0},"t":91,"s":[{"i":[[0,0],[0,0],[0,0]],"o":[[0,0],[0,0],[0,0]],"v":[[-39.42,-36.743],[7.389,-36.868],[-39.247,-0.304]],"c":true}]},{"i":{"x":0,"y":1},"o":{"x":0.167,"y":0.167},"t":104,"s":[{"i":[[0,0],[0,0],[0,0]],"o":[[0,0],[0,0],[0,0]],"v":[[-16.92,-23.158],[-3.361,-23.222],[-16.946,-8.345]],"c":true}]},{"t":114,"s":[{"i":[[0,0],[0,0],[0,0]],"o":[[0,0],[0,0],[0,0]],"v":[[-19.17,-23.118],[-1.361,-23.118],[-19.17,-5.054]],"c":true}]}],"ix":2},"nm":"Caminho 2","mn":"ADBE Vector Shape - Group","hd":false},{"ind":2,"ty":"sh","ix":3,"ks":{"a":1,"k":[{"i":{"x":0.833,"y":0.833},"o":{"x":1,"y":0},"t":91,"s":[{"i":[[16.432,-0.091],[0.002,0],[0,0],[0.864,5.371],[6.673,0],[0,0],[0,0],[0,0],[0.44,18.98]],"o":[[-12.197,0.067],[0,0],[6.661,-5.182],[-0.639,-3.969],[0,0],[0,0],[0,0],[18.88,0],[-0.436,-18.783]],"v":[[-3.097,0.091],[-26.341,0.221],[3.174,-23.068],[20.223,-41.031],[3.3,-44.209],[-46.52,-44.236],[-46.52,44.236],[-0.735,44.236],[34.02,20.533]],"c":true}]},{"i":{"x":0,"y":1},"o":{"x":0.167,"y":0.167},"t":104,"s":[{"i":[[7.87,4.329],[0.002,0],[0,0],[4.135,5.602],[6.673,0],[0,0],[0,0],[0,0],[0,14.324]],"o":[[-8.211,-4.516],[0,0],[4.744,-4.744],[-3.371,-4.568],[0,0],[0,0],[0,0],[18.88,0],[0,-8.583]],"v":[[39.528,-2.16],[24.036,-6.689],[37.673,-23.585],[39.848,-40.798],[21.925,-47.959],[-49.396,-47.986],[-49.605,46.486],[19.431,46.486],[50.436,20.51]],"c":true}]},{"t":114,"s":[{"i":[[7.87,4.329],[0.002,0],[0,0],[4.135,5.602],[6.673,0],[0,0],[0,0],[0,0],[0,14.324]],"o":[[-8.211,-4.516],[0,0],[4.744,-4.744],[-3.371,-4.568],[0,0],[0,0],[0,0],[18.88,0],[0,-8.583]],"v":[[34.528,-1.66],[14.41,-5.049],[29.549,-19.818],[31.723,-37.031],[15.3,-44.236],[-46.52,-44.236],[-46.52,44.236],[15.515,44.236],[46.52,18.26]],"c":true}]}],"ix":2},"nm":"Caminho 3","mn":"ADBE Vector Shape - Group","hd":false},{"ty":"mm","mm":1,"nm":"Mesclar caminhos 1","mn":"ADBE Vector Filter - Merge","hd":false},{"ty":"fl","c":{"a":0,"k":[1,1,1,1],"ix":4},"o":{"a":0,"k":100,"ix":5},"r":1,"bm":0,"nm":"Preenchimento 1","mn":"ADBE Vector Graphic - Fill","hd":false},{"ty":"tr","p":{"a":0,"k":[46.77,44.486],"ix":2},"a":{"a":0,"k":[0,0],"ix":1},"s":{"a":0,"k":[100,100],"ix":3},"r":{"a":0,"k":0,"ix":6},"o":{"a":0,"k":100,"ix":7},"sk":{"a":0,"k":0,"ix":4},"sa":{"a":0,"k":0,"ix":5},"nm":"Transformar"}],"nm":"Grupo 1","np":5,"cix":2,"bm":0,"ix":1,"mn":"ADBE Vector Group","hd":false}],"ip":0,"op":391,"st":91,"bm":0},{"ddd":0,"ind":10,"ty":4,"nm":"A contornos","sr":1,"ks":{"o":{"a":1,"k":[{"i":{"x":[0.314],"y":[1]},"o":{"x":[0.5],"y":[0]},"t":0,"s":[0]},{"t":87,"s":[100]}],"ix":11},"r":{"a":0,"k":0,"ix":10},"p":{"a":1,"k":[{"i":{"x":0,"y":1},"o":{"x":0.167,"y":0.167},"t":0,"s":[285.457,250,0],"to":[13.167,0,0],"ti":[-13.167,0,0]},{"i":{"x":0.833,"y":0.833},"o":{"x":0.167,"y":0.167},"t":87,"s":[364.457,250,0],"to":[0,0,0],"ti":[0,0,0]},{"i":{"x":0.833,"y":0.833},"o":{"x":1,"y":0},"t":91,"s":[364.457,250,0],"to":[-2.792,0,0],"ti":[2.792,0,0]},{"t":104,"s":[347.707,250,0]}],"ix":2,"l":2},"a":{"a":0,"k":[46.771,44.487,0],"ix":1,"l":2},"s":{"a":0,"k":[100,100,100],"ix":6,"l":2}},"ao":0,"shapes":[{"ty":"gr","it":[{"ind":0,"ty":"sh","ix":1,"ks":{"a":1,"k":[{"i":{"x":0.833,"y":0.833},"o":{"x":1,"y":0},"t":91,"s":[{"i":[[0,0],[0,0],[0,0]],"o":[[0,0],[0,0],[0,0]],"v":[[-18.605,20.178],[-0.126,-30.286],[18.981,19.928]],"c":true}]},{"i":{"x":0,"y":1},"o":{"x":0.167,"y":0.167},"t":104,"s":[{"i":[[0,0],[0,0],[0,0]],"o":[[0,0],[0,0],[0,0]],"v":[[-6.775,9.119],[-0.065,-16.911],[6.936,9.119]],"c":true}]},{"t":114,"s":[{"i":[[0,0],[0,0],[0,0]],"o":[[0,0],[0,0],[0,0]],"v":[[-9.73,11.303],[-0.001,-23.161],[9.731,11.303]],"c":true}]}],"ix":2},"nm":"Caminho 1","mn":"ADBE Vector Shape - Group","hd":false},{"ind":1,"ty":"sh","ix":2,"ks":{"a":1,"k":[{"i":{"x":0.833,"y":0.833},"o":{"x":1,"y":0},"t":91,"s":[{"i":[[0,0],[0,0],[0,0],[0,0],[0,0],[0,0],[0,0],[0,0]],"o":[[0,0],[0,0],[0,0],[0,0],[0,0],[0,0],[0,0],[0,0]],"v":[[-4.185,-44.211],[-36.77,44.237],[-28.006,44.237],[-21.563,27.541],[20.814,27.041],[28.38,44.237],[37.021,44.237],[3.809,-44.211]],"c":true}]},{"i":{"x":0,"y":1},"o":{"x":0.167,"y":0.167},"t":104,"s":[{"i":[[0,0],[0,0],[0,0],[0,0],[0,0],[0,0],[0,0],[0,0]],"o":[[0,0],[0,0],[0,0],[0,0],[0,0],[0,0],[0,0],[0,0]],"v":[[-25.433,-46.987],[-49.09,46.737],[-14.325,46.541],[-12.691,35.041],[11.936,35.041],[13.935,46.595],[48.951,46.763],[25.187,-46.961]],"c":true}]},{"t":114,"s":[{"i":[[0,0],[0,0],[0,0],[0,0],[0,0],[0,0],[0,0],[0,0]],"o":[[0,0],[0,0],[0,0],[0,0],[0,0],[0,0],[0,0],[0,0]],"v":[[-22.811,-44.237],[-46.52,44.237],[-18.256,44.237],[-15.188,32.389],[15.188,32.389],[18.255,44.237],[46.52,44.237],[22.809,-44.237]],"c":true}]}],"ix":2},"nm":"Caminho 2","mn":"ADBE Vector Shape - Group","hd":false},{"ty":"mm","mm":1,"nm":"Mesclar caminhos 1","mn":"ADBE Vector Filter - Merge","hd":false},{"ty":"fl","c":{"a":0,"k":[1,1,1,1],"ix":4},"o":{"a":0,"k":100,"ix":5},"r":1,"bm":0,"nm":"Preenchimento 1","mn":"ADBE Vector Graphic - Fill","hd":false},{"ty":"tr","p":{"a":0,"k":[46.77,44.487],"ix":2},"a":{"a":0,"k":[0,0],"ix":1},"s":{"a":0,"k":[100,100],"ix":3},"r":{"a":0,"k":0,"ix":6},"o":{"a":0,"k":100,"ix":7},"sk":{"a":0,"k":0,"ix":4},"sa":{"a":0,"k":0,"ix":5},"nm":"Transformar"}],"nm":"Grupo 1","np":4,"cix":2,"bm":0,"ix":1,"mn":"ADBE Vector Group","hd":false}],"ip":0,"op":391,"st":91,"bm":0},{"ddd":0,"ind":11,"ty":4,"nm":"I contornos","sr":1,"ks":{"o":{"a":1,"k":[{"i":{"x":[0.314],"y":[1]},"o":{"x":[0.5],"y":[0]},"t":0,"s":[0]},{"t":87,"s":[100]}],"ix":11},"r":{"a":0,"k":0,"ix":10},"p":{"a":0,"k":[419.984,250,0],"ix":2,"l":2},"a":{"a":0,"k":[14.549,44.486,0],"ix":1,"l":2},"s":{"a":0,"k":[100,100,100],"ix":6,"l":2}},"ao":0,"shapes":[{"ty":"gr","it":[{"ind":0,"ty":"sh","ix":1,"ks":{"a":1,"k":[{"i":{"x":0.833,"y":0.833},"o":{"x":1,"y":0},"t":91,"s":[{"i":[[0,0],[0,0],[0,0],[0,0]],"o":[[0,0],[0,0],[0,0],[0,0]],"v":[[-3.984,44.236],[4.516,44.236],[4.516,-44.236],[-3.984,-44.236]],"c":true}]},{"i":{"x":0,"y":1},"o":{"x":0.167,"y":0.167},"t":104,"s":[{"i":[[0,0],[0,0],[0,0],[0,0]],"o":[[0,0],[0,0],[0,0],[0,0]],"v":[[-17.565,47.076],[17.283,47.049],[17.283,-46.986],[-17.565,-46.959]],"c":true}]},{"t":114,"s":[{"i":[[0,0],[0,0],[0,0],[0,0]],"o":[[0,0],[0,0],[0,0],[0,0]],"v":[[-14.299,44.236],[14.299,44.236],[14.299,-44.236],[-14.299,-44.236]],"c":true}]}],"ix":2},"nm":"Caminho 1","mn":"ADBE Vector Shape - Group","hd":false},{"ty":"fl","c":{"a":0,"k":[1,1,1,1],"ix":4},"o":{"a":0,"k":100,"ix":5},"r":1,"bm":0,"nm":"Preenchimento 1","mn":"ADBE Vector Graphic - Fill","hd":false},{"ty":"tr","p":{"a":0,"k":[14.549,44.486],"ix":2},"a":{"a":0,"k":[0,0],"ix":1},"s":{"a":0,"k":[100,100],"ix":3},"r":{"a":0,"k":0,"ix":6},"o":{"a":0,"k":100,"ix":7},"sk":{"a":0,"k":0,"ix":4},"sa":{"a":0,"k":0,"ix":5},"nm":"Transformar"}],"nm":"Grupo 1","np":2,"cix":2,"bm":0,"ix":1,"mn":"ADBE Vector Group","hd":false}],"ip":0,"op":391,"st":91,"bm":0},{"ddd":0,"ind":12,"ty":3,"nm":"Nulo 1","sr":1,"ks":{"o":{"a":0,"k":0,"ix":11},"r":{"a":0,"k":0,"ix":10},"p":{"a":1,"k":[{"i":{"x":0,"y":1},"o":{"x":0.167,"y":0.167},"t":0,"s":[600,250,0],"to":[-28.5,0,0],"ti":[28.5,0,0]},{"t":87,"s":[429,250,0]}],"ix":2,"l":2},"a":{"a":0,"k":[0,0,0],"ix":1,"l":2},"s":{"a":0,"k":[100,100,100],"ix":6,"l":2}},"ao":0,"ip":0,"op":300,"st":0,"bm":0},{"ddd":0,"ind":13,"ty":4,"nm":"K contornos 2","parent":12,"sr":1,"ks":{"o":{"a":1,"k":[{"i":{"x":[0.314],"y":[1]},"o":{"x":[0.5],"y":[0]},"t":0,"s":[0]},{"t":87,"s":[100]}],"ix":11},"r":{"a":0,"k":0,"ix":10},"p":{"a":1,"k":[{"i":{"x":0.833,"y":0.833},"o":{"x":1,"y":0},"t":91,"s":[34.72,0,0],"to":[0.958,0,0],"ti":[-0.958,0,0]},{"t":104,"s":[40.47,0,0]}],"ix":2,"l":2},"a":{"a":0,"k":[14.52,44.487,0],"ix":1,"l":2},"s":{"a":0,"k":[100,100,100],"ix":6,"l":2}},"ao":0,"shapes":[{"ty":"gr","it":[{"ind":0,"ty":"sh","ix":1,"ks":{"a":1,"k":[{"i":{"x":0.833,"y":0.833},"o":{"x":1,"y":0},"t":91,"s":[{"i":[[0,0],[0,0],[0,0],[0,0],[0,0]],"o":[[0,0],[0,0],[0,0],[0,0],[0,0]],"v":[[-14.299,-44.237],[-14.299,44.237],[-6.723,44.237],[-6.723,11.303],[-6.723,-44.237]],"c":true}]},{"i":{"x":0,"y":1},"o":{"x":0.167,"y":0.167},"t":104,"s":[{"i":[[0,0],[0,0],[0,0],[0,0],[0,0]],"o":[[0,0],[0,0],[0,0],[0,0],[0,0]],"v":[[-17.096,-46.71],[-17.096,47.013],[15.821,46.986],[15.89,11.303],[15.821,-46.737]],"c":true}]},{"t":114,"s":[{"i":[[0,0],[0,0],[0,0],[0,0],[0,0]],"o":[[0,0],[0,0],[0,0],[0,0],[0,0]],"v":[[-14.299,-44.237],[-14.299,44.237],[14.299,44.237],[14.299,11.303],[14.299,-44.237]],"c":true}]}],"ix":2},"nm":"Caminho 1","mn":"ADBE Vector Shape - Group","hd":false},{"ty":"fl","c":{"a":0,"k":[1,1,1,1],"ix":4},"o":{"a":0,"k":100,"ix":5},"r":1,"bm":0,"nm":"Preenchimento 1","mn":"ADBE Vector Graphic - Fill","hd":false},{"ty":"tr","p":{"a":0,"k":[14.549,44.487],"ix":2},"a":{"a":0,"k":[0,0],"ix":1},"s":{"a":0,"k":[110.001,100],"ix":3},"r":{"a":0,"k":0,"ix":6},"o":{"a":0,"k":100,"ix":7},"sk":{"a":0,"k":0,"ix":4},"sa":{"a":0,"k":0,"ix":5},"nm":"Transformar"}],"nm":"Grupo 2","np":2,"cix":2,"bm":0,"ix":1,"mn":"ADBE Vector Group","hd":false}],"ip":0,"op":391,"st":91,"bm":0},{"ddd":0,"ind":14,"ty":4,"nm":"K contornos","parent":12,"sr":1,"ks":{"o":{"a":1,"k":[{"i":{"x":[0.314],"y":[1]},"o":{"x":[0.5],"y":[0]},"t":0,"s":[0]},{"t":87,"s":[100]}],"ix":11},"r":{"a":0,"k":0,"ix":10},"p":{"a":1,"k":[{"i":{"x":0.833,"y":0.833},"o":{"x":1,"y":0},"t":91,"s":[45.22,0,0],"to":[4.583,0,0],"ti":[-4.583,0,0]},{"t":104,"s":[72.72,0,0]}],"ix":2,"l":2},"a":{"a":0,"k":[46.77,44.487,0],"ix":1,"l":2},"s":{"a":0,"k":[100,100,100],"ix":6,"l":2}},"ao":0,"shapes":[{"ty":"gr","it":[{"ind":0,"ty":"sh","ix":1,"ks":{"a":1,"k":[{"i":{"x":0.833,"y":0.833},"o":{"x":1,"y":0},"t":91,"s":[{"i":[[0,0],[0,0],[0,0],[0,0],[0,0],[0,0],[0,0],[0,0]],"o":[[0,0],[0,0],[0,0],[0,0],[0,0],[0,0],[0,0],[0,0]],"v":[[-19.725,11.244],[26.596,-44.211],[14.599,-44.211],[-32.221,11.303],[-23.338,11.251],[13.82,44.237],[26.596,44.237],[-13.245,11.244]],"c":true}]},{"i":{"x":0,"y":1},"o":{"x":0.167,"y":0.167},"t":104,"s":[{"i":[[0,0],[0,0],[0,0],[0,0],[0,0],[0,0],[0,0],[0,0]],"o":[[0,0],[0,0],[0,0],[0,0],[0,0],[0,0],[0,0],[0,0]],"v":[[5.525,6.803],[35.721,-46.487],[-2.026,-46.237],[-36.221,12.303],[-17.838,12.053],[-1.68,46.487],[38.221,46.487],[17.505,6.803]],"c":true}]},{"t":114,"s":[{"i":[[0,0],[0,0],[0,0],[0,0],[0,0],[0,0],[0,0],[0,0]],"o":[[0,0],[0,0],[0,0],[0,0],[0,0],[0,0],[0,0],[0,0]],"v":[[-0.225,11.303],[32.221,-44.237],[0.224,-44.237],[-32.221,11.303],[-14.838,11.303],[0.07,44.237],[32.221,44.237],[17.005,11.303]],"c":true}]}],"ix":2},"nm":"Caminho 1","mn":"ADBE Vector Shape - Group","hd":false},{"ty":"fl","c":{"a":0,"k":[1,1,1,1],"ix":4},"o":{"a":0,"k":100,"ix":5},"r":1,"bm":0,"nm":"Preenchimento 1","mn":"ADBE Vector Graphic - Fill","hd":false},{"ty":"tr","p":{"a":0,"k":[61.069,44.487],"ix":2},"a":{"a":0,"k":[0,0],"ix":1},"s":{"a":0,"k":[100,100],"ix":3},"r":{"a":0,"k":0,"ix":6},"o":{"a":0,"k":100,"ix":7},"sk":{"a":0,"k":0,"ix":4},"sa":{"a":0,"k":0,"ix":5},"nm":"Transformar"}],"nm":"Grupo 1","np":2,"cix":2,"bm":0,"ix":1,"mn":"ADBE Vector Group","hd":false}],"ip":0,"op":391,"st":91,"bm":0},{"ddd":0,"ind":15,"ty":4,"nm":"O contornos","sr":1,"ks":{"o":{"a":1,"k":[{"i":{"x":[0.314],"y":[1]},"o":{"x":[0.5],"y":[0]},"t":0,"s":[0]},{"t":87,"s":[100]}],"ix":11},"r":{"a":0,"k":0,"ix":10},"p":{"a":1,"k":[{"i":{"x":0,"y":1},"o":{"x":0.167,"y":0.167},"t":0,"s":[812.011,250,0],"to":[-41.5,0,0],"ti":[41.5,0,0]},{"i":{"x":0.833,"y":0.833},"o":{"x":0.167,"y":0.167},"t":87,"s":[563.011,250,0],"to":[0,0,0],"ti":[0,0,0]},{"i":{"x":0.833,"y":0.833},"o":{"x":1,"y":0},"t":91,"s":[563.011,250,0],"to":[5.292,0,0],"ti":[-5.292,0,0]},{"t":104,"s":[594.761,250,0]}],"ix":2,"l":2},"a":{"a":0,"k":[46.77,44.487,0],"ix":1,"l":2},"s":{"a":0,"k":[100,100,100],"ix":6,"l":2}},"ao":0,"shapes":[{"ty":"gr","it":[{"ind":0,"ty":"sh","ix":1,"ks":{"a":1,"k":[{"i":{"x":0.833,"y":0.833},"o":{"x":1,"y":0},"t":91,"s":[{"i":[[22.003,-0.199],[0.176,20.253],[-20.001,-0.302],[-0.092,-19.763]],"o":[[-22.503,0.203],[-0.18,-20.763],[19.747,0.298],[0.086,18.491]],"v":[[-0.008,36.297],[-38.331,0.013],[-0.008,-36.798],[37.581,0.013]],"c":true}]},{"i":{"x":0,"y":1},"o":{"x":0.167,"y":0.167},"t":104,"s":[{"i":[[10.659,0],[0,9.4],[-10.659,0],[0,-9.4]],"o":[[-10.659,0],[0,-9.4],[10.659,0],[0,9.4]],"v":[[-0.009,14.547],[-17.331,0.013],[-0.009,-15.298],[16.831,0.013]],"c":true}]},{"t":114,"s":[{"i":[[10.659,0],[0,9.4],[-10.659,0],[0,-9.4]],"o":[[-10.659,0],[0,-9.4],[10.659,0],[0,9.4]],"v":[[0,17.047],[-19.331,0],[0,-17.048],[19.331,0]],"c":true}]}],"ix":2},"nm":"Caminho 1","mn":"ADBE Vector Shape - Group","hd":false},{"ind":1,"ty":"sh","ix":2,"ks":{"a":1,"k":[{"i":{"x":0,"y":1},"o":{"x":0.167,"y":0.167},"t":104,"s":[{"i":[[25.693,0],[0,-24.432],[-25.693,0],[0,24.431]],"o":[[-25.693,0],[0,24.431],[25.693,0],[0,-24.432]],"v":[[-0.009,-47.237],[-48.77,0.013],[-0.009,47.237],[49.27,0.013]],"c":true}]},{"t":114,"s":[{"i":[[25.693,0],[0,-24.432],[-25.693,0],[0,24.431]],"o":[[-25.693,0],[0,24.431],[25.693,0],[0,-24.432]],"v":[[0,-44.237],[-46.52,0],[0,44.237],[46.52,0]],"c":true}]}],"ix":2},"nm":"Caminho 2","mn":"ADBE Vector Shape - Group","hd":false},{"ty":"mm","mm":1,"nm":"Mesclar caminhos 1","mn":"ADBE Vector Filter - Merge","hd":false},{"ty":"fl","c":{"a":0,"k":[1,1,1,1],"ix":4},"o":{"a":0,"k":100,"ix":5},"r":1,"bm":0,"nm":"Preenchimento 1","mn":"ADBE Vector Graphic - Fill","hd":false},{"ty":"tr","p":{"a":0,"k":[46.77,44.487],"ix":2},"a":{"a":0,"k":[0,0],"ix":1},"s":{"a":0,"k":[100,100],"ix":3},"r":{"a":0,"k":0,"ix":6},"o":{"a":0,"k":100,"ix":7},"sk":{"a":0,"k":0,"ix":4},"sa":{"a":0,"k":0,"ix":5},"nm":"Transformar"}],"nm":"Grupo 1","np":4,"cix":2,"bm":0,"ix":1,"mn":"ADBE Vector Group","hd":false}],"ip":0,"op":391,"st":91,"bm":0},{"ddd":0,"ind":17,"ty":1,"nm":"Preto Sólido 1","sr":1,"ks":{"o":{"a":0,"k":100,"ix":11},"r":{"a":0,"k":0,"ix":10},"p":{"a":0,"k":[429,250,0],"ix":2,"l":2},"a":{"a":0,"k":[429,250,0],"ix":1,"l":2},"s":{"a":0,"k":[100,100,100],"ix":6,"l":2}},"ao":0,"sw":858,"sh":500,"sc":"#000000","ip":0,"op":300,"st":0,"bm":0}],"markers":[]}